stress (MPa),Zerotime (mu-s)
5.0,4.73605634
10.0,4.67605634
20.0,4.6560563
30.0,4.65577465
50.0,4.61577465
70.0,4.65549296
90.0,4.63549296 
